naamnr;namen
1;Adams
2;Allen
3;Anderson
4;Bailey
5;Baker
6;Barnes
7;Bell
8;Bennett
9;Brooks
10;Brown
11;Butler
12;Campbell
13;Carter
14;Clark
15;Collins
16;Cook
17;Cooper
18;Cox
19;Cruz
20;Davis
21;Diaz
22;Edwards
23;Evans
24;Fisher
25;Flores
26;Foster
27;Garcia
28;Gomez
29;Gonzalez
30;Gray
31;Green
32;Gutierrez
33;Hall
34;Harris
35;Hernandez
36;Hill
37;Howard
38;Hughes
39;Jackson
40;James
41;Jenkins
42;Johnson
43;Jones
44;Kelly
45;King
46;Lee
47;Lewis
48;Long
49;Lopez
50;Martin
51;Martinez
52;Miller
53;Mitchell
54;Moore
55;Morales
56;Morgan
57;Morris
58;Murphy
59;Myers
60;Nelson
61;Nguyen
62;Ortiz
63;Parker
64;Perez
65;Perry
66;Peterson
67;Phillips
68;Powell
69;Price
70;Ramirez
71;Reed
72;Reyes
73;Richardson
74;Rivera
75;Roberts
76;Robinson
77;Rodriguez
78;Rogers
79;Ross
80;Russell
81;Sanchez
82;Sanders
83;Scott
84;Smith
85;Stewart
86;Sullivan
87;Taylor
88;Thomas
89;Thompson
90;Torres
91;Turner
92;Walker
93;Ward
94;Watson
95;White
96;Williams
97;Wilson
98;Wood
99;Wright
100;Young
